PSI (PSI20);Altri;428;4,224;4,200;4,264;2023-08-14
PSI (PSI20);BCP;430;0,2455;0,2401;0,2461;2023-08-14
PSI (PSI20);Corticeira Amorim;15156;10,06;10,04;10,14;2023-08-14
PSI (PSI20);CTT Correios de Portugal SA;49929;3,42;3,40;3,43;2023-08-14
PSI (PSI20);EDP Renováveis;14606;16,98;16,89;17,14;2023-08-14
PSI (PSI20);Energias de Portugal;424;4,167;4,148;4,190;2023-08-14
PSI (PSI20);Galp Energia;421;12,12;12,02;12,30;2023-08-14
PSI (PSI20);Greenvolt Energias Renovaveis;1174982;6,270;6,220;6,325;2023-08-14
PSI (PSI20);Ibersol Reg;15165;6,76;6,72;6,86;2023-08-14
PSI (PSI20);Jeronimo Martins;423;24,16;23,98;24,16;2023-08-14
PSI (PSI20);Mota-Engil;433;2,465;2,400;2,465;2023-08-14
PSI (PSI20);Nos SGPS SA;13807;3,30;3,30;3,32;2023-08-14
PSI (PSI20);REN;434;2,460;2,455;2,475;2023-08-14
PSI (PSI20);Semapa;437;12,90;12,90;12,96;2023-08-14
PSI (PSI20);Sonae;439;0,9640;0,9600;0,9675;2023-08-14
PSI (PSI20);The Navigator;431;3,216;3,194;3,220;2023-08-14
DAX (GDAXI);Adidas;348;178,20;176,70;179,66;2023-08-14
DAX (GDAXI);Airbus Group;962988;130,62;129,64;131,06;2023-08-14
DAX (GDAXI);Allianz;347;224,30;222,80;224,70;2023-08-14
DAX (GDAXI);BASF;345;46,360;46,120;46,920;2023-08-14
DAX (GDAXI);Bayer;346;52,71;52,43;52,92;2023-08-14
DAX (GDAXI);Beiersdorf;6283;121,300;120,500;121,550;2023-08-14
DAX (GDAXI);BMW;652;100,100;98,820;100,920;2023-08-14
DAX (GDAXI);Brenntag AG;14145;71,220;70,640;71,680;2023-08-14
DAX (GDAXI);Commerzbank;358;10,155;10,100;10,360;2023-08-14
DAX (GDAXI);Continental;353;67,26;66,58;67,56;2023-08-14
DAX (GDAXI);Covestro;958839;48,320;46,250;50,640;2023-08-14
DAX (GDAXI);Daimler Truck Holding;1181372;33,88;33,59;34,13;2023-08-14
DAX (GDAXI);Deutsche Bank;352;9,976;9,907;10,042;2023-08-14
DAX (GDAXI);Deutsche Borse;359;169,900;168,900;170,000;2023-08-14
DAX (GDAXI);Deutsche Post;354;43,850;43,505;44,035;2023-08-14
DAX (GDAXI);Deutsche Tel.;656;19,012;18,832;19,076;2023-08-14
DAX (GDAXI);Dr Ing hc F Porsche Prf;1194617;104,55;103,20;105,00;2023-08-14
DAX (GDAXI);E.ON;9251;11,190;11,050;11,195;2023-08-14
DAX (GDAXI);Fresenius SE;6284;29,870;29,570;30,350;2023-08-14
DAX (GDAXI);Hannover Rueckversicherung AG;6298;199,40;196,45;199,40;2023-08-14
DAX (GDAXI);Heidelbergcement;6334;76,120;74,800;76,200;2023-08-14
DAX (GDAXI);Henkel;357;71,30;70,42;72,48;2023-08-14
DAX (GDAXI);Infineon;659;33,465;32,945;33,530;2023-08-14
DAX (GDAXI);Mercedes Benz Group;355;68,840;68,560;69,270;2023-08-14
DAX (GDAXI);Merck;658;162,55;161,70;164,15;2023-08-14
DAX (GDAXI);Mtu Aero Engines Holding AG;6321;208,50;206,40;208,90;2023-08-14
DAX (GDAXI);Munchener Ruck;662;350,20;346,30;350,80;2023-08-14
DAX (GDAXI);Porsche Automobil Holding SE;356;50,320;50,220;50,880;2023-08-14
DAX (GDAXI);Qiagen NV;6336;40,120;39,540;40,190;2023-08-14
DAX (GDAXI);Rheinmetall;665;264,800;258,900;264,800;2023-08-14
DAX (GDAXI);RWE;6306;39,070;38,880;39,250;2023-08-14
DAX (GDAXI);SAP;663;127,140;125,360;127,240;2023-08-14
DAX (GDAXI);Sartorius AG Vz;19900;365,700;360,100;365,700;2023-08-14
DAX (GDAXI);Siemens;350;138,72;137,30;139,30;2023-08-14
DAX (GDAXI);Siemens Energy AG;1166602;13,70;13,68;13,88;2023-08-14
DAX (GDAXI);Siemens Healthineers;1072226;47,11;46,95;47,61;2023-08-14
DAX (GDAXI);Symrise AG;6328;91,940;91,680;92,480;2023-08-14
DAX (GDAXI);Volkswagen VZO;22402;116,90;115,66;117,50;2023-08-14
DAX (GDAXI);Vonovia;49817;20,82;20,70;21,12;2023-08-14
DAX (GDAXI);Zalando SE;942333;27,94;27,74;28,31;2023-08-14
IBEX 35 (IBEX);Acciona;449;131,350;130,300;133,250;2023-08-14
IBEX 35 (IBEX);Acerinox;445;9,320;9,260;9,372;2023-08-14
IBEX 35 (IBEX);ACS;442;31,680;31,420;31,820;2023-08-14
IBEX 35 (IBEX);Aena;945627;144,60;144,00;145,55;2023-08-14
IBEX 35 (IBEX);Amadeus;14615;64,000;63,420;64,100;2023-08-14
IBEX 35 (IBEX);ArcelorMittal;32439;24,750;24,400;25,150;2023-08-14
IBEX 35 (IBEX);Banco de Sabadell;473;1,1020;1,0860;1,1155;2023-08-14
IBEX 35 (IBEX);Bankinter;447;6,080;6,074;6,156;2023-08-14
IBEX 35 (IBEX);BBVA;446;7,202;7,164;7,302;2023-08-14
IBEX 35 (IBEX);Caixabank;452;3,820;3,813;3,855;2023-08-14
IBEX 35 (IBEX);Cellnex Telecom;951681;35,72;35,56;35,91;2023-08-14
IBEX 35 (IBEX);Corporacion Acciona Energias Renovables;1174892;26,90;26,78;27,36;2023-08-14
IBEX 35 (IBEX);Enagas;453;15,720;15,720;15,895;2023-08-14
IBEX 35 (IBEX);Endesa;13816;19,015;18,960;19,115;2023-08-14
IBEX 35 (IBEX);Ferrovial;459;29,850;29,710;29,950;2023-08-14
IBEX 35 (IBEX);Fluidra SA;32285;21,140;20,900;21,400;2023-08-14
IBEX 35 (IBEX);Grifols;458;13,290;13,055;13,330;2023-08-14
IBEX 35 (IBEX);IAG;13809;1,935;1,913;1,938;2023-08-14
IBEX 35 (IBEX);Iberdrola;463;10,880;10,845;10,930;2023-08-14
IBEX 35 (IBEX);Inditex;461;33,560;33,260;33,630;2023-08-14
IBEX 35 (IBEX);Indra;465;13,340;13,240;13,360;2023-08-14
IBEX 35 (IBEX);Inmob colonial;9060;5,525;5,495;5,565;2023-08-14
IBEX 35 (IBEX);Laboratorios Farmaceuticos ROVI SA;32178;47,540;47,380;48,060;2023-08-14
IBEX 35 (IBEX);Logista;104388;25,06;25,02;25,20;2023-08-14
IBEX 35 (IBEX);Mapfre;466;1,894;1,880;1,898;2023-08-14
IBEX 35 (IBEX);Melia Hotels International SA;32188;6,280;6,270;6,335;2023-08-14
IBEX 35 (IBEX);Merlin Properties SA;102931;8,280;8,230;8,350;2023-08-14
IBEX 35 (IBEX);Naturgy Energy;456;26,200;26,120;26,300;2023-08-14
IBEX 35 (IBEX);Red Electrica;460;15,000;14,985;15,100;2023-08-14
IBEX 35 (IBEX);Repsol;462;13,855;13,805;13,990;2023-08-14
IBEX 35 (IBEX);Sacyr Valle;472;2,966;2,954;2,984;2023-08-14
IBEX 35 (IBEX);Santander;474;3,5965;3,5805;3,6320;2023-08-14
IBEX 35 (IBEX);Solaria Energia y Medio Ambiente;32180;13,500;13,385;13,660;2023-08-14
IBEX 35 (IBEX);Telefonica;469;3,6500;3,6300;3,6590;2023-08-14
IBEX 35 (IBEX);Unicaja Banco;1013395;1,039;1,008;1,047;2023-08-14
PSI (PSI20);Altri;428;4,220;4,200;4,230;2023-08-15
PSI (PSI20);BCP;430;0,2450;0,2437;0,2464;2023-08-15
PSI (PSI20);Corticeira Amorim;15156;10,08;10,00;10,08;2023-08-15
PSI (PSI20);CTT Correios de Portugal SA;49929;3,41;3,40;3,45;2023-08-15
PSI (PSI20);EDP Renováveis;14606;16,72;16,58;17,03;2023-08-15
PSI (PSI20);Energias de Portugal;424;4,125;4,105;4,178;2023-08-15
PSI (PSI20);Galp Energia;421;12,02;11,97;12,19;2023-08-15
PSI (PSI20);Greenvolt Energias Renovaveis;1174982;6,160;6,140;6,260;2023-08-15
PSI (PSI20);Ibersol Reg;15165;6,66;6,62;6,72;2023-08-15
PSI (PSI20);Jeronimo Martins;423;24,12;24,04;24,38;2023-08-15
PSI (PSI20);Mota-Engil;433;2,435;2,410;2,470;2023-08-15
PSI (PSI20);Nos SGPS SA;13807;3,30;3,28;3,32;2023-08-15
PSI (PSI20);REN;434;2,445;2,445;2,465;2023-08-15
PSI (PSI20);Semapa;437;12,92;12,88;12,96;2023-08-15
PSI (PSI20);Sonae;439;0,9560;0,9540;0,9645;2023-08-15
PSI (PSI20);The Navigator;431;3,202;3,182;3,220;2023-08-15
DAX (GDAXI);Adidas;348;179,74;177,08;182,78;2023-08-15
DAX (GDAXI);Airbus Group;962988;128,88;128,56;130,70;2023-08-15
DAX (GDAXI);Allianz;347;221,25;219,45;224,65;2023-08-15
DAX (GDAXI);BASF;345;45,645;45,525;46,370;2023-08-15
DAX (GDAXI);Bayer;346;51,87;51,63;52,62;2023-08-15
DAX (GDAXI);Beiersdorf;6283;120,900;119,750;122,100;2023-08-15
DAX (GDAXI);BMW;652;99,210;98,830;100,320;2023-08-15
DAX (GDAXI);Brenntag AG;14145;71,460;71,340;72,200;2023-08-15
DAX (GDAXI);Commerzbank;358;10,095;10,055;10,200;2023-08-15
DAX (GDAXI);Continental;353;66,90;66,54;67,48;2023-08-15
DAX (GDAXI);Covestro;958839;48,150;47,910;49,250;2023-08-15
DAX (GDAXI);Daimler Truck Holding;1181372;33,90;33,58;34,07;2023-08-15
DAX (GDAXI);Deutsche Bank;352;9,920;9,870;10,038;2023-08-15
DAX (GDAXI);Deutsche Borse;359;168,500;167,950;170,250;2023-08-15
DAX (GDAXI);Deutsche Post;354;43,560;43,230;44,020;2023-08-15
DAX (GDAXI);Deutsche Tel.;656;18,964;18,836;19,086;2023-08-15
DAX (GDAXI);Dr Ing hc F Porsche Prf;1194617;103,70;103,05;104,95;2023-08-15
DAX (GDAXI);E.ON;9251;10,960;10,955;11,190;2023-08-15
DAX (GDAXI);Fresenius SE;6284;29,990;29,820;30,180;2023-08-15
DAX (GDAXI);Hannover Rueckversicherung AG;6298;197,90;195,95;199,60;2023-08-15
DAX (GDAXI);Heidelbergcement;6334;76,640;75,740;76,700;2023-08-15
DAX (GDAXI);Henkel;357;71,28;70,54;71,46;2023-08-15
DAX (GDAXI);Infineon;659;32,945;32,680;33,765;2023-08-15
DAX (GDAXI);Mercedes Benz Group;355;68,130;68,090;68,970;2023-08-15
DAX (GDAXI);Merck;658;160,75;160,15;162,55;2023-08-15
DAX (GDAXI);Mtu Aero Engines Holding AG;6321;205,30;204,40;208,70;2023-08-15
DAX (GDAXI);Munchener Ruck;662;349,10;346,30;350,20;2023-08-15
DAX (GDAXI);Porsche Automobil Holding SE;356;50,240;49,920;50,540;2023-08-15
DAX (GDAXI);Qiagen NV;6336;40,120;39,790;40,320;2023-08-15
DAX (GDAXI);Rheinmetall;665;259,800;259,600;265,300;2023-08-15
DAX (GDAXI);RWE;6306;38,750;38,510;39,310;2023-08-15
DAX (GDAXI);SAP;663;126,180;125,600;127,240;2023-08-15
DAX (GDAXI);Sartorius AG Vz;19900;369,900;360,500;371,300;2023-08-15
DAX (GDAXI);Siemens;350;137,66;137,26;140,04;2023-08-15
DAX (GDAXI);Siemens Energy AG;1166602;13,42;13,31;13,80;2023-08-15
DAX (GDAXI);Siemens Healthineers;1072226;46,52;46,23;47,12;2023-08-15
DAX (GDAXI);Symrise AG;6328;90,820;90,120;91,840;2023-08-15
DAX (GDAXI);Volkswagen VZO;22402;115,74;115,50;117,14;2023-08-15
DAX (GDAXI);Vonovia;49817;20,41;20,18;20,83;2023-08-15
DAX (GDAXI);Zalando SE;942333;27,61;27,36;28,01;2023-08-15
IBEX 35 (IBEX);Acciona;449;128,600;128,200;131,750;2023-08-15
IBEX 35 (IBEX);Acerinox;445;9,220;9,180;9,348;2023-08-15
IBEX 35 (IBEX);ACS;442;31,510;31,500;31,800;2023-08-15
IBEX 35 (IBEX);Aena;945627;143,65;142,80;145,25;2023-08-15
IBEX 35 (IBEX);Amadeus;14615;63,860;63,540;64,180;2023-08-15
IBEX 35 (IBEX);ArcelorMittal;32439;24,250;24,190;24,890;2023-08-15
IBEX 35 (IBEX);Banco de Sabadell;473;1,0900;1,0840;1,1030;2023-08-15
IBEX 35 (IBEX);Bankinter;447;6,012;5,960;6,076;2023-08-15
IBEX 35 (IBEX);BBVA;446;7,112;7,042;7,222;2023-08-15
IBEX 35 (IBEX);Caixabank;452;3,810;3,786;3,835;2023-08-15
IBEX 35 (IBEX);Cellnex Telecom;951681;35,49;35,26;35,70;2023-08-15
IBEX 35 (IBEX);Corporacion Acciona Energias Renovables;1174892;26,28;26,14;26,84;2023-08-15
IBEX 35 (IBEX);Enagas;453;15,450;15,430;15,755;2023-08-15
IBEX 35 (IBEX);Endesa;13816;18,750;18,670;19,070;2023-08-15
IBEX 35 (IBEX);Ferrovial;459;29,730;29,440;29,910;2023-08-15
IBEX 35 (IBEX);Fluidra SA;32285;21,240;21,080;21,360;2023-08-15
IBEX 35 (IBEX);Grifols;458;13,490;13,220;13,490;2023-08-15
IBEX 35 (IBEX);IAG;13809;1,925;1,912;1,938;2023-08-15
IBEX 35 (IBEX);Iberdrola;463;10,645;10,620;10,860;2023-08-15
IBEX 35 (IBEX);Inditex;461;33,550;33,210;33,710;2023-08-15
IBEX 35 (IBEX);Indra;465;13,260;13,170;13,400;2023-08-15
IBEX 35 (IBEX);Inmob colonial;9060;5,440;5,390;5,510;2023-08-15
IBEX 35 (IBEX);Laboratorios Farmaceuticos ROVI SA;32178;47,900;47,160;47,960;2023-08-15
IBEX 35 (IBEX);Logista;104388;25,00;24,92;25,28;2023-08-15
IBEX 35 (IBEX);Mapfre;466;1,887;1,867;1,897;2023-08-15
IBEX 35 (IBEX);Melia Hotels International SA;32188;6,260;6,230;6,345;2023-08-15
IBEX 35 (IBEX);Merlin Properties SA;102931;8,170;8,060;8,285;2023-08-15
IBEX 35 (IBEX);Naturgy Energy;456;25,920;25,840;26,200;2023-08-15
IBEX 35 (IBEX);Red Electrica;460;14,775;14,740;14,995;2023-08-15
IBEX 35 (IBEX);Repsol;462;13,750;13,680;13,950;2023-08-15
IBEX 35 (IBEX);Sacyr Valle;472;2,920;2,910;2,970;2023-08-15
IBEX 35 (IBEX);Santander;474;3,5670;3,5405;3,6055;2023-08-15
IBEX 35 (IBEX);Solaria Energia y Medio Ambiente;32180;13,235;13,150;13,540;2023-08-15
IBEX 35 (IBEX);Telefonica;469;3,6220;3,6090;3,6660;2023-08-15
IBEX 35 (IBEX);Unicaja Banco;1013395;1,027;1,021;1,043;2023-08-15
PSI (PSI20);Altri;428;4,242;4,190;4,242;2023-08-16
PSI (PSI20);BCP;430;0,2462;0,2430;0,2475;2023-08-16
PSI (PSI20);Corticeira Amorim;15156;9,97;9,96;10,20;2023-08-16
PSI (PSI20);CTT Correios de Portugal SA;49929;3,39;3,38;3,41;2023-08-16
PSI (PSI20);EDP Renováveis;14606;16,71;16,64;16,86;2023-08-16
PSI (PSI20);Energias de Portugal;424;4,150;4,117;4,155;2023-08-16
PSI (PSI20);Galp Energia;421;12,01;11,93;12,05;2023-08-16
PSI (PSI20);Greenvolt Energias Renovaveis;1174982;6,145;6,110;6,180;2023-08-16
PSI (PSI20);Ibersol Reg;15165;6,78;6,68;6,78;2023-08-16
PSI (PSI20);Jeronimo Martins;423;24,18;24,04;24,32;2023-08-16
PSI (PSI20);Mota-Engil;433;2,450;2,425;2,455;2023-08-16
PSI (PSI20);Nos SGPS SA;13807;3,32;3,29;3,34;2023-08-16
PSI (PSI20);REN;434;2,465;2,455;2,465;2023-08-16
PSI (PSI20);Semapa;437;13,06;12,90;13,12;2023-08-16
PSI (PSI20);Sonae;439;0,9525;0,9440;0,9535;2023-08-16
PSI (PSI20);The Navigator;431;3,204;3,172;3,212;2023-08-16
DAX (GDAXI);Adidas;348;185,08;178,64;185,08;2023-08-16
DAX (GDAXI);Airbus Group;962988;128,66;128,16;129,52;2023-08-16
DAX (GDAXI);Allianz;347;221,75;220,30;222,65;2023-08-16
DAX (GDAXI);BASF;345;45,710;45,425;45,910;2023-08-16
DAX (GDAXI);Bayer;346;51,00;50,59;51,69;2023-08-16
DAX (GDAXI);Beiersdorf;6283;120,150;119,950;121,850;2023-08-16
DAX (GDAXI);BMW;652;99,760;98,730;100,600;2023-08-16
DAX (GDAXI);Brenntag AG;14145;72,160;71,320;72,280;2023-08-16
DAX (GDAXI);Commerzbank;358;10,115;9,960;10,145;2023-08-16
DAX (GDAXI);Continental;353;66,54;66,26;67,06;2023-08-16
DAX (GDAXI);Covestro;958839;48,120;47,770;49,230;2023-08-16
DAX (GDAXI);Daimler Truck Holding;1181372;33,93;33,75;34,05;2023-08-16
DAX (GDAXI);Deutsche Bank;352;9,867;9,832;9,926;2023-08-16
DAX (GDAXI);Deutsche Borse;359;167,400;167,250;168,850;2023-08-16
DAX (GDAXI);Deutsche Post;354;43,565;43,480;43,830;2023-08-16
DAX (GDAXI);Deutsche Tel.;656;19,020;18,850;19,028;2023-08-16
DAX (GDAXI);Dr Ing hc F Porsche Prf;1194617;104,25;103,40;104,85;2023-08-16
DAX (GDAXI);E.ON;9251;11,015;10,910;11,030;2023-08-16
DAX (GDAXI);Fresenius SE;6284;29,780;29,530;29,970;2023-08-16
DAX (GDAXI);Hannover Rueckversicherung AG;6298;198,05;197,40;199,35;2023-08-16
DAX (GDAXI);Heidelbergcement;6334;77,400;76,540;77,760;2023-08-16
DAX (GDAXI);Henkel;357;72,02;71,20;72,10;2023-08-16
DAX (GDAXI);Infineon;659;32,910;32,750;33,290;2023-08-16
DAX (GDAXI);Mercedes Benz Group;355;68,280;67,840;68,950;2023-08-16
DAX (GDAXI);Merck;658;160,15;159,95;162,10;2023-08-16
DAX (GDAXI);Mtu Aero Engines Holding AG;6321;203,50;203,50;206,50;2023-08-16
DAX (GDAXI);Munchener Ruck;662;353,40;348,00;353,50;2023-08-16
DAX (GDAXI);Porsche Automobil Holding SE;356;49,920;49,780;50,100;2023-08-16
DAX (GDAXI);Qiagen NV;6336;39,650;39,460;40,270;2023-08-16
DAX (GDAXI);Rheinmetall;665;249,900;249,900;259,000;2023-08-16
DAX (GDAXI);RWE;6306;38,880;38,660;39,020;2023-08-16
DAX (GDAXI);SAP;663;127,120;125,980;127,320;2023-08-16
DAX (GDAXI);Sartorius AG Vz;19900;369,800;365,100;369,800;2023-08-16
DAX (GDAXI);Siemens;350;138,12;136,74;138,12;2023-08-16
DAX (GDAXI);Siemens Energy AG;1166602;13,54;13,33;13,56;2023-08-16
DAX (GDAXI);Siemens Healthineers;1072226;46,50;46,18;46,68;2023-08-16
DAX (GDAXI);Symrise AG;6328;90,720;90,400;91,140;2023-08-16
DAX (GDAXI);Volkswagen VZO;22402;115,10;115,10;115,96;2023-08-16
DAX (GDAXI);Vonovia;49817;20,40;20,27;20,48;2023-08-16
DAX (GDAXI);Zalando SE;942333;27,44;27,22;27,72;2023-08-16
IBEX 35 (IBEX);Acciona;449;127,750;127,700;129,000;2023-08-16
IBEX 35 (IBEX);Acerinox;445;9,170;9,166;9,282;2023-08-16
IBEX 35 (IBEX);ACS;442;31,530;31,380;31,700;2023-08-16
IBEX 35 (IBEX);Aena;945627;145,10;143,50;146,00;2023-08-16
IBEX 35 (IBEX);Amadeus;14615;63,720;63,660;64,100;2023-08-16
IBEX 35 (IBEX);ArcelorMittal;32439;24,380;24,140;24,515;2023-08-16
IBEX 35 (IBEX);Banco de Sabadell;473;1,0905;1,0780;1,0975;2023-08-16
IBEX 35 (IBEX);Bankinter;447;5,972;5,964;6,032;2023-08-16
IBEX 35 (IBEX);BBVA;446;7,090;7,048;7,156;2023-08-16
IBEX 35 (IBEX);Caixabank;452;3,770;3,768;3,816;2023-08-16
IBEX 35 (IBEX);Cellnex Telecom;951681;35,26;35,17;35,45;2023-08-16
IBEX 35 (IBEX);Corporacion Acciona Energias Renovables;1174892;26,18;26,16;26,54;2023-08-16
IBEX 35 (IBEX);Enagas;453;15,450;15,350;15,655;2023-08-16
IBEX 35 (IBEX);Endesa;13816;18,795;18,700;18,960;2023-08-16
IBEX 35 (IBEX);Ferrovial;459;29,520;29,500;29,760;2023-08-16
IBEX 35 (IBEX);Fluidra SA;32285;21,400;21,200;21,540;2023-08-16
IBEX 35 (IBEX);Grifols;458;13,490;13,360;13,630;2023-08-16
IBEX 35 (IBEX);IAG;13809;1,932;1,908;1,940;2023-08-16
IBEX 35 (IBEX);Iberdrola;463;10,710;10,605;10,795;2023-08-16
IBEX 35 (IBEX);Inditex;461;33,890;33,510;34,040;2023-08-16
IBEX 35 (IBEX);Indra;465;13,290;13,200;13,360;2023-08-16
IBEX 35 (IBEX);Inmob colonial;9060;5,440;5,400;5,460;2023-08-16
IBEX 35 (IBEX);Laboratorios Farmaceuticos ROVI SA;32178;47,880;47,680;48,180;2023-08-16
IBEX 35 (IBEX);Logista;104388;25,00;24,90;25,14;2023-08-16
IBEX 35 (IBEX);Mapfre;466;1,888;1,878;1,892;2023-08-16
IBEX 35 (IBEX);Melia Hotels International SA;32188;6,210;6,205;6,280;2023-08-16
IBEX 35 (IBEX);Merlin Properties SA;102931;8,135;8,100;8,160;2023-08-16
IBEX 35 (IBEX);Naturgy Energy;456;26,240;26,040;26,380;2023-08-16
IBEX 35 (IBEX);Red Electrica;460;14,730;14,730;14,855;2023-08-16
IBEX 35 (IBEX);Repsol;462;13,725;13,650;13,835;2023-08-16
IBEX 35 (IBEX);Sacyr Valle;472;2,906;2,904;2,948;2023-08-16
IBEX 35 (IBEX);Santander;474;3,5565;3,5415;3,5865;2023-08-16
IBEX 35 (IBEX);Solaria Energia y Medio Ambiente;32180;13,210;13,180;13,370;2023-08-16
IBEX 35 (IBEX);Telefonica;469;3,6000;3,5650;3,6090;2023-08-16
IBEX 35 (IBEX);Unicaja Banco;1013395;1,024;1,017;1,029;2023-08-16
PSI (PSI20);Altri;428;4,180;4,180;4,240;2023-08-17
PSI (PSI20);BCP;430;0,2484;0,2459;0,2510;2023-08-17
PSI (PSI20);Corticeira Amorim;15156;9,90;9,90;10,08;2023-08-17
PSI (PSI20);CTT Correios de Portugal SA;49929;3,38;3,36;3,38;2023-08-17
PSI (PSI20);EDP Renováveis;14606;16,33;16,33;16,66;2023-08-17
PSI (PSI20);Energias de Portugal;424;4,086;4,084;4,144;2023-08-17
PSI (PSI20);Galp Energia;421;12,18;11,95;12,18;2023-08-17
PSI (PSI20);Greenvolt Energias Renovaveis;1174982;6,030;6,030;6,140;2023-08-17
PSI (PSI20);Ibersol Reg;15165;6,72;6,72;6,80;2023-08-17
PSI (PSI20);Jeronimo Martins;423;23,68;23,68;24,30;2023-08-17
PSI (PSI20);Mota-Engil;433;2,425;2,405;2,445;2023-08-17
PSI (PSI20);Nos SGPS SA;13807;3,30;3,29;3,31;2023-08-17
PSI (PSI20);REN;434;2,450;2,445;2,470;2023-08-17
PSI (PSI20);Semapa;437;13,16;13,06;13,18;2023-08-17
PSI (PSI20);Sonae;439;0,9505;0,9455;0,9555;2023-08-17
PSI (PSI20);The Navigator;431;3,206;3,196;3,216;2023-08-17
DAX (GDAXI);Adidas;348;185,00;184,00;188,30;2023-08-17
DAX (GDAXI);Airbus Group;962988;127,56;126,92;128,84;2023-08-17
DAX (GDAXI);Allianz;347;221,95;220,90;223,40;2023-08-17
DAX (GDAXI);BASF;345;45,740;45,410;45,890;2023-08-17
DAX (GDAXI);Bayer;346;51,33;50,64;51,33;2023-08-17
DAX (GDAXI);Beiersdorf;6283;120,000;119,400;120,700;2023-08-17
DAX (GDAXI);BMW;652;99,100;98,640;99,910;2023-08-17
DAX (GDAXI);Brenntag AG;14145;71,680;71,520;72,160;2023-08-17
DAX (GDAXI);Commerzbank;358;10,190;10,085;10,300;2023-08-17
DAX (GDAXI);Continental;353;66,04;65,66;66,48;2023-08-17
DAX (GDAXI);Covestro;958839;48,640;47,950;48,910;2023-08-17
DAX (GDAXI);Daimler Truck Holding;1181372;33,48;33,34;33,83;2023-08-17
DAX (GDAXI);Deutsche Bank;352;9,910;9,811;9,998;2023-08-17
DAX (GDAXI);Deutsche Borse;359;163,850;163,750;166,600;2023-08-17
DAX (GDAXI);Deutsche Post;354;43,320;43,025;43,615;2023-08-17
DAX (GDAXI);Deutsche Tel.;656;19,014;18,878;19,046;2023-08-17
DAX (GDAXI);Dr Ing hc F Porsche Prf;1194617;104,15;103,20;105,25;2023-08-17
DAX (GDAXI);E.ON;9251;11,140;11,000;11,140;2023-08-17
DAX (GDAXI);Fresenius SE;6284;29,410;29,130;29,780;2023-08-17
DAX (GDAXI);Hannover Rueckversicherung AG;6298;197,75;197,30;200,20;2023-08-17
DAX (GDAXI);Heidelbergcement;6334;76,820;76,640;77,780;2023-08-17
DAX (GDAXI);Henkel;357;72,06;71,58;72,08;2023-08-17
DAX (GDAXI);Infineon;659;32,165;32,090;32,865;2023-08-17
DAX (GDAXI);Mercedes Benz Group;355;67,520;67,320;68,160;2023-08-17
DAX (GDAXI);Merck;658;160,20;158,85;161,00;2023-08-17
DAX (GDAXI);Mtu Aero Engines Holding AG;6321;203,00;201,40;204,30;2023-08-17
DAX (GDAXI);Munchener Ruck;662;357,90;353,00;359,70;2023-08-17
DAX (GDAXI);Porsche Automobil Holding SE;356;49,690;49,560;50,200;2023-08-17
DAX (GDAXI);Qiagen NV;6336;39,450;39,360;39,760;2023-08-17
DAX (GDAXI);Rheinmetall;665;247,400;243,600;250,000;2023-08-17
DAX (GDAXI);RWE;6306;38,480;38,430;38,860;2023-08-17
DAX (GDAXI);SAP;663;123,900;123,880;126,580;2023-08-17
DAX (GDAXI);Sartorius AG Vz;19900;368,000;364,800;372,400;2023-08-17
DAX (GDAXI);Siemens;350;135,82;135,62;137,82;2023-08-17
DAX (GDAXI);Siemens Energy AG;1166602;13,45;13,34;13,57;2023-08-17
DAX (GDAXI);Siemens Healthineers;1072226;46,09;46,03;46,65;2023-08-17
DAX (GDAXI);Symrise AG;6328;89,460;89,460;90,520;2023-08-17
DAX (GDAXI);Volkswagen VZO;22402;114,70;113,90;115,46;2023-08-17
DAX (GDAXI);Vonovia;49817;20,14;20,08;20,45;2023-08-17
DAX (GDAXI);Zalando SE;942333;27,47;27,17;27,91;2023-08-17
IBEX 35 (IBEX);Acciona;449;124,400;124,400;127,000;2023-08-17
IBEX 35 (IBEX);Acerinox;445;9,090;9,062;9,210;2023-08-17
IBEX 35 (IBEX);ACS;442;31,280;31,250;31,560;2023-08-17
IBEX 35 (IBEX);Aena;945627;139,85;139,50;144,90;2023-08-17
IBEX 35 (IBEX);Amadeus;14615;62,060;61,940;63,300;2023-08-17
IBEX 35 (IBEX);ArcelorMittal;32439;24,100;23,880;24,300;2023-08-17
IBEX 35 (IBEX);Banco de Sabadell;473;1,0970;1,0855;1,1075;2023-08-17
IBEX 35 (IBEX);Bankinter;447;6,028;5,956;6,094;2023-08-17
IBEX 35 (IBEX);BBVA;446;7,078;7,034;7,170;2023-08-17
IBEX 35 (IBEX);Caixabank;452;3,800;3,753;3,827;2023-08-17
IBEX 35 (IBEX);Cellnex Telecom;951681;34,24;34,21;35,13;2023-08-17
IBEX 35 (IBEX);Corporacion Acciona Energias Renovables;1174892;25,22;25,22;26,08;2023-08-17
IBEX 35 (IBEX);Enagas;453;15,295;15,280;15,535;2023-08-17
IBEX 35 (IBEX);Endesa;13816;18,530;18,510;18,805;2023-08-17
IBEX 35 (IBEX);Ferrovial;459;29,190;29,160;29,480;2023-08-17
IBEX 35 (IBEX);Fluidra SA;32285;21,220;21,140;21,460;2023-08-17
IBEX 35 (IBEX);Grifols;458;13,530;13,380;13,770;2023-08-17
IBEX 35 (IBEX);IAG;13809;1,905;1,904;1,931;2023-08-17
IBEX 35 (IBEX);Iberdrola;463;10,565;10,560;10,715;2023-08-17
IBEX 35 (IBEX);Inditex;461;34,000;33,640;34,050;2023-08-17
IBEX 35 (IBEX);Indra;465;13,190;13,170;13,310;2023-08-17
IBEX 35 (IBEX);Inmob colonial;9060;5,380;5,370;5,455;2023-08-17
IBEX 35 (IBEX);Laboratorios Farmaceuticos ROVI SA;32178;48,400;47,880;48,620;2023-08-17
IBEX 35 (IBEX);Logista;104388;24,94;24,84;25,14;2023-08-17
IBEX 35 (IBEX);Mapfre;466;1,890;1,874;1,895;2023-08-17
IBEX 35 (IBEX);Melia Hotels International SA;32188;6,120;6,120;6,235;2023-08-17
IBEX 35 (IBEX);Merlin Properties SA;102931;8,040;8,025;8,165;2023-08-17
IBEX 35 (IBEX);Naturgy Energy;456;25,620;25,600;26,300;2023-08-17
IBEX 35 (IBEX);Red Electrica;460;14,555;14,555;14,760;2023-08-17
IBEX 35 (IBEX);Repsol;462;13,815;13,660;13,850;2023-08-17
IBEX 35 (IBEX);Sacyr Valle;472;2,874;2,868;2,908;2023-08-17
IBEX 35 (IBEX);Santander;474;3,5570;3,5380;3,5860;2023-08-17
IBEX 35 (IBEX);Solaria Energia y Medio Ambiente;32180;12,865;12,865;13,185;2023-08-17
IBEX 35 (IBEX);Telefonica;469;3,6030;3,5730;3,6050;2023-08-17
IBEX 35 (IBEX);Unicaja Banco;1013395;1,018;1,018;1,036;2023-08-17
PSI (PSI20);Altri;428;4,168;4,150;4,190;2023-08-18
PSI (PSI20);BCP;430;0,2474;0,2446;0,2485;2023-08-18
PSI (PSI20);Corticeira Amorim;15156;9,77;9,73;10,10;2023-08-18
PSI (PSI20);CTT Correios de Portugal SA;49929;3,37;3,35;3,38;2023-08-18
PSI (PSI20);EDP Renováveis;14606;16,50;16,22;16,67;2023-08-18
PSI (PSI20);Energias de Portugal;424;4,141;4,084;4,168;2023-08-18
PSI (PSI20);Galp Energia;421;12,31;12,10;12,31;2023-08-18
PSI (PSI20);Greenvolt Energias Renovaveis;1174982;6,065;6,010;6,085;2023-08-18
PSI (PSI20);Ibersol Reg;15165;6,72;6,66;6,74;2023-08-18
PSI (PSI20);Jeronimo Martins;423;23,36;23,22;23,70;2023-08-18
PSI (PSI20);Mota-Engil;433;2,420;2,390;2,425;2023-08-18
PSI (PSI20);Nos SGPS SA;13807;3,31;3,28;3,32;2023-08-18
PSI (PSI20);REN;434;2,455;2,445;2,465;2023-08-18
PSI (PSI20);Semapa;437;13,16;13,06;13,18;2023-08-18
PSI (PSI20);Sonae;439;0,9500;0,9430;0,9550;2023-08-18
PSI (PSI20);The Navigator;431;3,176;3,170;3,200;2023-08-18
DAX (GDAXI);Adidas;348;183,60;181,48;184,34;2023-08-18
DAX (GDAXI);Airbus Group;962988;126,66;125,28;127,30;2023-08-18
DAX (GDAXI);Allianz;347;221,15;219,05;222,20;2023-08-18
DAX (GDAXI);BASF;345;45,555;45,115;45,670;2023-08-18
DAX (GDAXI);Bayer;346;50,32;50,04;51,12;2023-08-18
DAX (GDAXI);Beiersdorf;6283;119,500;118,700;119,800;2023-08-18
DAX (GDAXI);BMW;652;98,250;97,510;98,800;2023-08-18
DAX (GDAXI);Brenntag AG;14145;71,580;70,880;71,880;2023-08-18
DAX (GDAXI);Commerzbank;358;10,055;9,932;10,155;2023-08-18
DAX (GDAXI);Continental;353;65,80;65,08;66,08;2023-08-18
DAX (GDAXI);Covestro;958839;47,900;47,800;48,590;2023-08-18
DAX (GDAXI);Daimler Truck Holding;1181372;33,25;32,80;33,36;2023-08-18
DAX (GDAXI);Deutsche Bank;352;9,870;9,762;9,896;2023-08-18
DAX (GDAXI);Deutsche Borse;359;162,950;162,000;163,700;2023-08-18
DAX (GDAXI);Deutsche Post;354;42,905;42,600;43,205;2023-08-18
DAX (GDAXI);Deutsche Tel.;656;19,008;18,906;19,114;2023-08-18
DAX (GDAXI);Dr Ing hc F Porsche Prf;1194617;102,10;100,30;103,60;2023-08-18
DAX (GDAXI);E.ON;9251;11,195;11,120;11,230;2023-08-18
DAX (GDAXI);Fresenius SE;6284;29,180;28,970;29,420;2023-08-18
DAX (GDAXI);Hannover Rueckversicherung AG;6298;194,75;193,60;197,05;2023-08-18
DAX (GDAXI);Heidelbergcement;6334;76,320;75,660;76,900;2023-08-18
DAX (GDAXI);Henkel;357;71,98;71,56;72,18;2023-08-18
DAX (GDAXI);Infineon;659;31,995;31,475;32,080;2023-08-18
DAX (GDAXI);Mercedes Benz Group;355;67,020;66,390;67,150;2023-08-18
DAX (GDAXI);Merck;658;159,05;157,80;160,35;2023-08-18
DAX (GDAXI);Mtu Aero Engines Holding AG;6321;201,70;199,80;202,50;2023-08-18
DAX (GDAXI);Munchener Ruck;662;355,30;352,10;357,70;2023-08-18
DAX (GDAXI);Porsche Automobil Holding SE;356;48,980;48,190;49,530;2023-08-18
DAX (GDAXI);Qiagen NV;6336;39,570;39,210;39,570;2023-08-18
DAX (GDAXI);Rheinmetall;665;249,400;244,600;250,700;2023-08-18
DAX (GDAXI);RWE;6306;38,350;38,200;38,770;2023-08-18
DAX (GDAXI);SAP;663;124,180;122,700;124,340;2023-08-18
DAX (GDAXI);Sartorius AG Vz;19900;354,200;349,600;366,300;2023-08-18
DAX (GDAXI);Siemens;350;134,40;133,50;135,02;2023-08-18
DAX (GDAXI);Siemens Energy AG;1166602;13,12;13,00;13,40;2023-08-18
DAX (GDAXI);Siemens Healthineers;1072226;45,51;45,34;46,00;2023-08-18
DAX (GDAXI);Symrise AG;6328;88,520;87,960;89,300;2023-08-18
DAX (GDAXI);Volkswagen VZO;22402;114,46;113,10;114,86;2023-08-18
DAX (GDAXI);Vonovia;49817;19,75;19,53;20,06;2023-08-18
DAX (GDAXI);Zalando SE;942333;26,46;26,40;27,20;2023-08-18
IBEX 35 (IBEX);Acciona;449;124,650;123,400;125,750;2023-08-18
IBEX 35 (IBEX);Acerinox;445;9,010;8,952;9,100;2023-08-18
IBEX 35 (IBEX);ACS;442;31,300;30,960;31,320;2023-08-18
IBEX 35 (IBEX);Aena;945627;139,50;137,15;140,05;2023-08-18
IBEX 35 (IBEX);Amadeus;14615;61,520;61,120;61,840;2023-08-18
IBEX 35 (IBEX);ArcelorMittal;32439;23,690;23,475;24,085;2023-08-18
IBEX 35 (IBEX);Banco de Sabadell;473;1,1005;1,0870;1,1025;2023-08-18
IBEX 35 (IBEX);Bankinter;447;5,944;5,920;6,006;2023-08-18
IBEX 35 (IBEX);BBVA;446;7,060;6,990;7,072;2023-08-18
IBEX 35 (IBEX);Caixabank;452;3,810;3,767;3,808;2023-08-18
IBEX 35 (IBEX);Cellnex Telecom;951681;34,37;33,86;34,37;2023-08-18
IBEX 35 (IBEX);Corporacion Acciona Energias Renovables;1174892;25,56;25,10;25,82;2023-08-18
IBEX 35 (IBEX);Enagas;453;15,335;15,255;15,410;2023-08-18
IBEX 35 (IBEX);Endesa;13816;18,640;18,455;18,700;2023-08-18
IBEX 35 (IBEX);Ferrovial;459;28,820;28,560;29,140;2023-08-18
IBEX 35 (IBEX);Fluidra SA;32285;20,940;20,540;21,140;2023-08-18
IBEX 35 (IBEX);Grifols;458;13,250;13,180;13,575;2023-08-18
IBEX 35 (IBEX);IAG;13809;1,885;1,854;1,903;2023-08-18
IBEX 35 (IBEX);Iberdrola;463;10,625;10,540;10,700;2023-08-18
IBEX 35 (IBEX);Inditex;461;33,990;33,640;34,020;2023-08-18
IBEX 35 (IBEX);Indra;465;13,250;13,090;13,260;2023-08-18
IBEX 35 (IBEX);Inmob colonial;9060;5,275;5,255;5,375;2023-08-18
IBEX 35 (IBEX);Laboratorios Farmaceuticos ROVI SA;32178;48,020;47,860;48,820;2023-08-18
IBEX 35 (IBEX);Logista;104388;24,68;24,54;24,90;2023-08-18
IBEX 35 (IBEX);Mapfre;466;1,884;1,872;1,893;2023-08-18
IBEX 35 (IBEX);Melia Hotels International SA;32188;6,090;6,040;6,155;2023-08-18
IBEX 35 (IBEX);Merlin Properties SA;102931;7,920;7,850;8,025;2023-08-18
IBEX 35 (IBEX);Naturgy Energy;456;25,440;25,320;25,800;2023-08-18
IBEX 35 (IBEX);Red Electrica;460;14,625;14,510;14,740;2023-08-18
IBEX 35 (IBEX);Repsol;462;13,860;13,660;13,890;2023-08-18
IBEX 35 (IBEX);Sacyr Valle;472;2,852;2,820;2,860;2023-08-18
IBEX 35 (IBEX);Santander;474;3,5515;3,5090;3,5590;2023-08-18
IBEX 35 (IBEX);Solaria Energia y Medio Ambiente;32180;12,990;12,760;13,100;2023-08-18
IBEX 35 (IBEX);Telefonica;469;3,6260;3,5820;3,6380;2023-08-18
IBEX 35 (IBEX);Unicaja Banco;1013395;1,008;1,001;1,026;2023-08-18
PSI (PSI20);Altri;428;4,194;4,154;4,208;2023-08-21
PSI (PSI20);BCP;430;0,2472;0,2462;0,2495;2023-08-21
PSI (PSI20);Corticeira Amorim;15156;9,72;9,72;9,85;2023-08-21
PSI (PSI20);CTT Correios de Portugal SA;49929;3,30;3,29;3,37;2023-08-21
PSI (PSI20);EDP Renováveis;14606;16,67;16,56;16,72;2023-08-21
PSI (PSI20);Energias de Portugal;424;4,115;4,107;4,178;2023-08-21
PSI (PSI20);Galp Energia;421;12,46;12,35;12,66;2023-08-21
PSI (PSI20);Greenvolt Energias Renovaveis;1174982;6,090;6,040;6,120;2023-08-21
PSI (PSI20);Ibersol Reg;15165;6,68;6,68;6,80;2023-08-21
PSI (PSI20);Jeronimo Martins;423;23,70;23,34;23,86;2023-08-21
PSI (PSI20);Mota-Engil;433;2,420;2,375;2,435;2023-08-21
PSI (PSI20);Nos SGPS SA;13807;3,30;3,29;3,33;2023-08-21
PSI (PSI20);REN;434;2,430;2,430;2,465;2023-08-21
PSI (PSI20);Semapa;437;13,16;13,10;13,20;2023-08-21
PSI (PSI20);Sonae;439;0,9485;0,9485;0,9560;2023-08-21
PSI (PSI20);The Navigator;431;3,192;3,172;3,198;2023-08-21
DAX (GDAXI);Adidas;348;183,74;183,28;188,60;2023-08-21
DAX (GDAXI);Airbus Group;962988;128,06;126,78;128,48;2023-08-21
DAX (GDAXI);Allianz;347;220,80;220,50;223,25;2023-08-21
DAX (GDAXI);BASF;345;45,625;45,480;45,955;2023-08-21
DAX (GDAXI);Bayer;346;50,13;50,02;50,53;2023-08-21
DAX (GDAXI);Beiersdorf;6283;119,200;119,000;120,950;2023-08-21
DAX (GDAXI);BMW;652;99,240;98,350;99,870;2023-08-21
DAX (GDAXI);Brenntag AG;14145;72,040;71,660;72,540;2023-08-21
DAX (GDAXI);Commerzbank;358;10,205;10,055;10,275;2023-08-21
DAX (GDAXI);Continental;353;69,66;65,80;70,88;2023-08-21
DAX (GDAXI);Covestro;958839;47,420;46,980;48,140;2023-08-21
DAX (GDAXI);Daimler Truck Holding;1181372;33,57;33,30;33,71;2023-08-21
DAX (GDAXI);Deutsche Bank;352;9,797;9,797;9,915;2023-08-21
DAX (GDAXI);Deutsche Borse;359;161,500;161,300;163,000;2023-08-21
DAX (GDAXI);Deutsche Post;354;42,945;42,895;43,270;2023-08-21
DAX (GDAXI);Deutsche Tel.;656;19,096;18,994;19,218;2023-08-21
DAX (GDAXI);Dr Ing hc F Porsche Prf;1194617;101,85;101,60;103,40;2023-08-21
DAX (GDAXI);E.ON;9251;11,090;11,080;11,220;2023-08-21
DAX (GDAXI);Fresenius SE;6284;29,220;29,060;29,520;2023-08-21
DAX (GDAXI);Hannover Rueckversicherung AG;6298;194,20;193,95;196,20;2023-08-21
DAX (GDAXI);Heidelbergcement;6334;75,580;75,480;76,820;2023-08-21
DAX (GDAXI);Henkel;357;71,50;71,38;72,30;2023-08-21
DAX (GDAXI);Infineon;659;32,130;32,030;32,435;2023-08-21
DAX (GDAXI);Mercedes Benz Group;355;67,540;66,770;67,830;2023-08-21
DAX (GDAXI);Merck;658;157,95;157,95;160,35;2023-08-21
DAX (GDAXI);Mtu Aero Engines Holding AG;6321;204,80;201,80;206,30;2023-08-21
DAX (GDAXI);Munchener Ruck;662;355,80;354,20;358,90;2023-08-21
DAX (GDAXI);Porsche Automobil Holding SE;356;49,030;48,810;49,520;2023-08-21
DAX (GDAXI);Qiagen NV;6336;39,710;39,440;39,900;2023-08-21
DAX (GDAXI);Rheinmetall;665;249,000;247,900;252,600;2023-08-21
DAX (GDAXI);RWE;6306;38,170;37,890;38,570;2023-08-21
DAX (GDAXI);SAP;663;124,980;123,900;126,240;2023-08-21
DAX (GDAXI);Sartorius AG Vz;19900;347,800;347,800;360,200;2023-08-21
DAX (GDAXI);Siemens;350;134,92;134,50;135,50;2023-08-21
DAX (GDAXI);Siemens Energy AG;1166602;12,89;12,83;13,10;2023-08-21
DAX (GDAXI);Siemens Healthineers;1072226;45,48;45,40;45,88;2023-08-21
DAX (GDAXI);Symrise AG;6328;88,280;88,160;89,120;2023-08-21
DAX (GDAXI);Volkswagen VZO;22402;114,40;114,08;115,26;2023-08-21
DAX (GDAXI);Vonovia;49817;19,23;19,18;19,66;2023-08-21
DAX (GDAXI);Zalando SE;942333;26,57;26,48;27,01;2023-08-21
IBEX 35 (IBEX);Acciona;449;123,400;122,950;125,600;2023-08-21
IBEX 35 (IBEX);Acerinox;445;8,950;8,950;9,080;2023-08-21
IBEX 35 (IBEX);ACS;442;31,310;31,280;31,530;2023-08-21
IBEX 35 (IBEX);Aena;945627;138,45;138,30;140,35;2023-08-21
IBEX 35 (IBEX);Amadeus;14615;61,460;61,360;62,220;2023-08-21
IBEX 35 (IBEX);ArcelorMittal;32439;23,590;23,530;23,850;2023-08-21
IBEX 35 (IBEX);Banco de Sabadell;473;1,1090;1,0955;1,1180;2023-08-21
IBEX 35 (IBEX);Bankinter;447;6,022;5,944;6,056;2023-08-21
IBEX 35 (IBEX);BBVA;446;7,096;7,062;7,170;2023-08-21
IBEX 35 (IBEX);Caixabank;452;3,790;3,787;3,853;2023-08-21
IBEX 35 (IBEX);Cellnex Telecom;951681;33,96;33,82;34,55;2023-08-21
IBEX 35 (IBEX);Corporacion Acciona Energias Renovables;1174892;25,14;25,14;25,58;2023-08-21
IBEX 35 (IBEX);Enagas;453;15,280;15,280;15,500;2023-08-21
IBEX 35 (IBEX);Endesa;13816;18,585;18,515;18,880;2023-08-21
IBEX 35 (IBEX);Ferrovial;459;28,790;28,710;29,080;2023-08-21
IBEX 35 (IBEX);Fluidra SA;32285;20,220;19,990;21,080;2023-08-21
IBEX 35 (IBEX);Grifols;458;13,400;13,280;13,575;2023-08-21
IBEX 35 (IBEX);IAG;13809;1,896;1,882;1,913;2023-08-21
IBEX 35 (IBEX);Iberdrola;463;10,600;10,520;10,745;2023-08-21
IBEX 35 (IBEX);Inditex;461;34,110;33,960;34,480;2023-08-21
IBEX 35 (IBEX);Indra;465;13,210;13,180;13,290;2023-08-21
IBEX 35 (IBEX);Inmob colonial;9060;5,135;5,130;5,380;2023-08-21
IBEX 35 (IBEX);Laboratorios Farmaceuticos ROVI SA;32178;48,420;48,020;48,720;2023-08-21
IBEX 35 (IBEX);Logista;104388;24,72;24,66;25,16;2023-08-21
IBEX 35 (IBEX);Mapfre;466;1,879;1,878;1,904;2023-08-21
IBEX 35 (IBEX);Melia Hotels International SA;32188;6,080;6,080;6,185;2023-08-21
IBEX 35 (IBEX);Merlin Properties SA;102931;7,765;7,745;7,925;2023-08-21
IBEX 35 (IBEX);Naturgy Energy;456;25,540;25,440;25,760;2023-08-21
IBEX 35 (IBEX);Red Electrica;460;14,515;14,515;14,725;2023-08-21
IBEX 35 (IBEX);Repsol;462;14,005;13,895;14,140;2023-08-21
IBEX 35 (IBEX);Sacyr Valle;472;2,832;2,828;2,876;2023-08-21
IBEX 35 (IBEX);Santander;474;3,5610;3,5485;3,6120;2023-08-21
IBEX 35 (IBEX);Solaria Energia y Medio Ambiente;32180;13,025;13,000;13,225;2023-08-21
IBEX 35 (IBEX);Telefonica;469;3,6080;3,6000;3,6530;2023-08-21
IBEX 35 (IBEX);Unicaja Banco;1013395;1,013;1,010;1,022;2023-08-21
PSI (PSI20);Altri;428;4,230;4,180;4,230;2023-08-22
PSI (PSI20);BCP;430;0,2484;0,2473;0,2509;2023-08-22
PSI (PSI20);Corticeira Amorim;15156;9,71;9,65;10,02;2023-08-22
PSI (PSI20);CTT Correios de Portugal SA;49929;3,31;3,30;3,33;2023-08-22
PSI (PSI20);EDP Renováveis;14606;16,75;16,67;16,92;2023-08-22
PSI (PSI20);Energias de Portugal;424;4,131;4,124;4,165;2023-08-22
PSI (PSI20);Galp Energia;421;12,48;12,42;12,57;2023-08-22
PSI (PSI20);Greenvolt Energias Renovaveis;1174982;6,115;6,070;6,125;2023-08-22
PSI (PSI20);Ibersol Reg;15165;6,70;6,64;6,80;2023-08-22
PSI (PSI20);Jeronimo Martins;423;23,50;23,36;23,76;2023-08-22
PSI (PSI20);Mota-Engil;433;2,575;2,430;2,590;2023-08-22
PSI (PSI20);Nos SGPS SA;13807;3,27;3,27;3,32;2023-08-22
PSI (PSI20);REN;434;2,435;2,430;2,455;2023-08-22
PSI (PSI20);Semapa;437;13,14;13,14;13,24;2023-08-22
PSI (PSI20);Sonae;439;0,9430;0,9410;0,9520;2023-08-22
PSI (PSI20);The Navigator;431;3,238;3,192;3,242;2023-08-22
DAX (GDAXI);Adidas;348;184,00;181,32;187,62;2023-08-22
DAX (GDAXI);Airbus Group;962988;128,88;128,28;129,86;2023-08-22
DAX (GDAXI);Allianz;347;221,10;220,70;223,35;2023-08-22
DAX (GDAXI);BASF;345;45,860;45,745;46,755;2023-08-22
DAX (GDAXI);Bayer;346;50,19;50,06;50,60;2023-08-22
DAX (GDAXI);Beiersdorf;6283;119,150;118,650;119,750;2023-08-22
DAX (GDAXI);BMW;652;99,700;99,500;100,620;2023-08-22
DAX (GDAXI);Brenntag AG;14145;72,320;72,060;72,800;2023-08-22
DAX (GDAXI);Commerzbank;358;10,210;10,180;10,265;2023-08-22
DAX (GDAXI);Continental;353;69,54;69,02;70,50;2023-08-22
DAX (GDAXI);Covestro;958839;47,500;47,350;47,970;2023-08-22
DAX (GDAXI);Daimler Truck Holding;1181372;33,75;33,51;33,96;2023-08-22
DAX (GDAXI);Deutsche Bank;352;9,822;9,822;9,939;2023-08-22
DAX (GDAXI);Deutsche Borse;359;162,000;161,850;163,300;2023-08-22
DAX (GDAXI);Deutsche Post;354;43,145;43,030;43,405;2023-08-22
DAX (GDAXI);Deutsche Tel.;656;19,096;19,038;19,170;2023-08-22
DAX (GDAXI);Dr Ing hc F Porsche Prf;1194617;101,10;101,10;102,85;2023-08-22
DAX (GDAXI);E.ON;9251;11,035;11,025;11,170;2023-08-22
DAX (GDAXI);Fresenius SE;6284;29,210;29,050;29,450;2023-08-22
DAX (GDAXI);Hannover Rueckversicherung AG;6298;192,85;192,05;195,50;2023-08-22
DAX (GDAXI);Heidelbergcement;6334;76,340;76,000;77,060;2023-08-22
DAX (GDAXI);Henkel;357;71,98;71,64;72,26;2023-08-22
DAX (GDAXI);Infineon;659;33,000;32,385;33,255;2023-08-22
DAX (GDAXI);Mercedes Benz Group;355;67,790;67,610;68,260;2023-08-22
DAX (GDAXI);Merck;658;157,90;157,25;158,90;2023-08-22
DAX (GDAXI);Mtu Aero Engines Holding AG;6321;203,70;203,50;206,20;2023-08-22
DAX (GDAXI);Munchener Ruck;662;353,20;352,70;359,50;2023-08-22
DAX (GDAXI);Porsche Automobil Holding SE;356;49,120;49,030;49,435;2023-08-22
DAX (GDAXI);Qiagen NV;6336;40,740;39,910;40,780;2023-08-22
DAX (GDAXI);Rheinmetall;665;245,700;244,600;250,200;2023-08-22
DAX (GDAXI);RWE;6306;38,540;38,180;38,690;2023-08-22
DAX (GDAXI);SAP;663;127,600;125,475;128,450;2023-08-22
DAX (GDAXI);Sartorius AG Vz;19900;349,500;348,000;352,800;2023-08-22
DAX (GDAXI);Siemens;350;136,90;135,64;137,22;2023-08-22
DAX (GDAXI);Siemens Energy AG;1166602;13,20;12,99;13,27;2023-08-22
DAX (GDAXI);Siemens Healthineers;1072226;45,94;45,44;45,99;2023-08-22
DAX (GDAXI);Symrise AG;6328;89,340;88,640;89,400;2023-08-22
DAX (GDAXI);Volkswagen VZO;22402;114,42;114,42;115,48;2023-08-22
DAX (GDAXI);Vonovia;49817;19,77;19,39;19,89;2023-08-22
DAX (GDAXI);Zalando SE;942333;26,73;26,52;27,16;2023-08-22
IBEX 35 (IBEX);Acciona;449;124,400;123,850;125,150;2023-08-22
IBEX 35 (IBEX);Acerinox;445;9,040;8,990;9,086;2023-08-22
IBEX 35 (IBEX);ACS;442;31,740;31,440;31,820;2023-08-22
IBEX 35 (IBEX);Aena;945627;139,00;138,55;140,20;2023-08-22
IBEX 35 (IBEX);Amadeus;14615;61,500;61,360;62,140;2023-08-22
IBEX 35 (IBEX);ArcelorMittal;32439;24,250;23,750;24,310;2023-08-22
IBEX 35 (IBEX);Banco de Sabadell;473;1,1055;1,1055;1,1200;2023-08-22
IBEX 35 (IBEX);Bankinter;447;6,010;6,010;6,070;2023-08-22
IBEX 35 (IBEX);BBVA;446;7,128;7,116;7,208;2023-08-22
IBEX 35 (IBEX);Caixabank;452;3,810;3,800;3,840;2023-08-22
IBEX 35 (IBEX);Cellnex Telecom;951681;34,04;33,94;34,27;2023-08-22
IBEX 35 (IBEX);Corporacion Acciona Energias Renovables;1174892;25,62;25,14;25,76;2023-08-22
IBEX 35 (IBEX);Enagas;453;15,300;15,290;15,400;2023-08-22
IBEX 35 (IBEX);Endesa;13816;18,590;18,550;18,745;2023-08-22
IBEX 35 (IBEX);Ferrovial;459;29,150;28,860;29,230;2023-08-22
IBEX 35 (IBEX);Fluidra SA;32285;20,380;20,300;20,660;2023-08-22
IBEX 35 (IBEX);Grifols;458;13,345;13,295;13,560;2023-08-22
IBEX 35 (IBEX);IAG;13809;1,897;1,892;1,910;2023-08-22
IBEX 35 (IBEX);Iberdrola;463;10,680;10,630;10,740;2023-08-22
IBEX 35 (IBEX);Inditex;461;34,490;34,170;34,710;2023-08-22
IBEX 35 (IBEX);Indra;465;13,160;13,080;13,250;2023-08-22
IBEX 35 (IBEX);Inmob colonial;9060;5,280;5,165;5,290;2023-08-22
IBEX 35 (IBEX);Laboratorios Farmaceuticos ROVI SA;32178;49,480;48,480;49,940;2023-08-22
IBEX 35 (IBEX);Logista;104388;24,86;24,68;25,00;2023-08-22
IBEX 35 (IBEX);Mapfre;466;1,898;1,880;1,904;2023-08-22
IBEX 35 (IBEX);Melia Hotels International SA;32188;6,080;6,070;6,140;2023-08-22
IBEX 35 (IBEX);Merlin Properties SA;102931;7,885;7,820;7,905;2023-08-22
IBEX 35 (IBEX);Naturgy Energy;456;25,720;25,520;25,880;2023-08-22
IBEX 35 (IBEX);Red Electrica;460;14,520;14,505;14,650;2023-08-22
IBEX 35 (IBEX);Repsol;462;13,915;13,915;14,075;2023-08-22
IBEX 35 (IBEX);Sacyr Valle;472;2,868;2,842;2,876;2023-08-22
IBEX 35 (IBEX);Santander;474;3,5765;3,5710;3,6190;2023-08-22
IBEX 35 (IBEX);Solaria Energia y Medio Ambiente;32180;13,105;13,045;13,220;2023-08-22
IBEX 35 (IBEX);Telefonica;469;3,6080;3,6010;3,6470;2023-08-22
IBEX 35 (IBEX);Unicaja Banco;1013395;1,016;1,014;1,023;2023-08-22
PSI (PSI20);Altri;428;4,230;4,180;4,230;2023-08-23
PSI (PSI20);BCP;430;0,2484;0,2473;0,2509;2023-08-23
PSI (PSI20);Corticeira Amorim;15156;9,71;9,65;10,02;2023-08-23
PSI (PSI20);CTT Correios de Portugal SA;49929;3,31;3,30;3,33;2023-08-23
PSI (PSI20);EDP Renováveis;14606;16,75;16,67;16,92;2023-08-23
PSI (PSI20);Energias de Portugal;424;4,131;4,124;4,165;2023-08-23
PSI (PSI20);Galp Energia;421;12,48;12,42;12,57;2023-08-23
PSI (PSI20);Greenvolt Energias Renovaveis;1174982;6,115;6,070;6,125;2023-08-23
PSI (PSI20);Ibersol Reg;15165;6,70;6,64;6,80;2023-08-23
PSI (PSI20);Jeronimo Martins;423;23,50;23,36;23,76;2023-08-23
PSI (PSI20);Mota-Engil;433;2,575;2,430;2,590;2023-08-23
PSI (PSI20);Nos SGPS SA;13807;3,27;3,27;3,32;2023-08-23
PSI (PSI20);REN;434;2,435;2,430;2,455;2023-08-23
PSI (PSI20);Semapa;437;13,14;13,14;13,24;2023-08-23
PSI (PSI20);Sonae;439;0,9430;0,9410;0,9520;2023-08-23
PSI (PSI20);The Navigator;431;3,238;3,192;3,242;2023-08-23
DAX (GDAXI);Adidas;348;184,00;181,32;187,62;2023-08-23
DAX (GDAXI);Airbus Group;962988;128,88;128,28;129,86;2023-08-23
DAX (GDAXI);Allianz;347;221,10;220,70;223,35;2023-08-23
DAX (GDAXI);BASF;345;45,860;45,745;46,755;2023-08-23
DAX (GDAXI);Bayer;346;50,19;50,06;50,60;2023-08-23
DAX (GDAXI);Beiersdorf;6283;119,150;118,650;119,750;2023-08-23
DAX (GDAXI);BMW;652;99,700;99,500;100,620;2023-08-23
DAX (GDAXI);Brenntag AG;14145;72,320;72,060;72,800;2023-08-23
DAX (GDAXI);Commerzbank;358;10,210;10,180;10,265;2023-08-23
DAX (GDAXI);Continental;353;69,54;69,02;70,50;2023-08-23
DAX (GDAXI);Covestro;958839;47,500;47,350;47,970;2023-08-23
DAX (GDAXI);Daimler Truck Holding;1181372;33,75;33,51;33,96;2023-08-23
DAX (GDAXI);Deutsche Bank;352;9,822;9,822;9,939;2023-08-23
DAX (GDAXI);Deutsche Borse;359;162,000;161,850;163,300;2023-08-23
DAX (GDAXI);Deutsche Post;354;43,145;43,030;43,405;2023-08-23
DAX (GDAXI);Deutsche Tel.;656;19,096;19,038;19,170;2023-08-23
DAX (GDAXI);Dr Ing hc F Porsche Prf;1194617;101,10;101,10;102,85;2023-08-23
DAX (GDAXI);E.ON;9251;11,035;11,025;11,170;2023-08-23
DAX (GDAXI);Fresenius SE;6284;29,210;29,050;29,450;2023-08-23
DAX (GDAXI);Hannover Rueckversicherung AG;6298;192,85;192,05;195,50;2023-08-23
DAX (GDAXI);Heidelbergcement;6334;76,340;76,000;77,060;2023-08-23
DAX (GDAXI);Henkel;357;71,98;71,64;72,26;2023-08-23
DAX (GDAXI);Infineon;659;33,000;32,385;33,255;2023-08-23
DAX (GDAXI);Mercedes Benz Group;355;67,790;67,610;68,260;2023-08-23
DAX (GDAXI);Merck;658;157,90;157,25;158,90;2023-08-23
DAX (GDAXI);Mtu Aero Engines Holding AG;6321;203,70;203,50;206,20;2023-08-23
DAX (GDAXI);Munchener Ruck;662;353,20;352,70;359,50;2023-08-23
DAX (GDAXI);Porsche Automobil Holding SE;356;49,120;49,030;49,435;2023-08-23
DAX (GDAXI);Qiagen NV;6336;40,740;39,910;40,780;2023-08-23
DAX (GDAXI);Rheinmetall;665;245,700;244,600;250,200;2023-08-23
DAX (GDAXI);RWE;6306;38,540;38,180;38,690;2023-08-23
DAX (GDAXI);SAP;663;127,600;125,475;128,450;2023-08-23
DAX (GDAXI);Sartorius AG Vz;19900;349,500;348,000;352,800;2023-08-23
DAX (GDAXI);Siemens;350;136,90;135,64;137,22;2023-08-23
DAX (GDAXI);Siemens Energy AG;1166602;13,20;12,99;13,27;2023-08-23
DAX (GDAXI);Siemens Healthineers;1072226;45,94;45,44;45,99;2023-08-23
DAX (GDAXI);Symrise AG;6328;89,340;88,640;89,400;2023-08-23
DAX (GDAXI);Volkswagen VZO;22402;114,42;114,42;115,48;2023-08-23
DAX (GDAXI);Vonovia;49817;19,77;19,39;19,89;2023-08-23
DAX (GDAXI);Zalando SE;942333;26,73;26,52;27,16;2023-08-23
IBEX 35 (IBEX);Acciona;449;124,400;123,850;125,150;2023-08-23
IBEX 35 (IBEX);Acerinox;445;9,040;8,990;9,086;2023-08-23
IBEX 35 (IBEX);ACS;442;31,740;31,440;31,820;2023-08-23
IBEX 35 (IBEX);Aena;945627;139,00;138,55;140,20;2023-08-23
IBEX 35 (IBEX);Amadeus;14615;61,500;61,360;62,140;2023-08-23
IBEX 35 (IBEX);ArcelorMittal;32439;24,250;23,750;24,310;2023-08-23
IBEX 35 (IBEX);Banco de Sabadell;473;1,1055;1,1055;1,1200;2023-08-23
IBEX 35 (IBEX);Bankinter;447;6,010;6,010;6,070;2023-08-23
IBEX 35 (IBEX);BBVA;446;7,128;7,116;7,208;2023-08-23
IBEX 35 (IBEX);Caixabank;452;3,810;3,800;3,840;2023-08-23
IBEX 35 (IBEX);Cellnex Telecom;951681;34,04;33,94;34,27;2023-08-23
IBEX 35 (IBEX);Corporacion Acciona Energias Renovables;1174892;25,62;25,14;25,76;2023-08-23
IBEX 35 (IBEX);Enagas;453;15,300;15,290;15,400;2023-08-23
IBEX 35 (IBEX);Endesa;13816;18,590;18,550;18,745;2023-08-23
IBEX 35 (IBEX);Ferrovial;459;29,150;28,860;29,230;2023-08-23
IBEX 35 (IBEX);Fluidra SA;32285;20,380;20,300;20,660;2023-08-23
IBEX 35 (IBEX);Grifols;458;13,345;13,295;13,560;2023-08-23
IBEX 35 (IBEX);IAG;13809;1,897;1,892;1,910;2023-08-23
IBEX 35 (IBEX);Iberdrola;463;10,680;10,630;10,740;2023-08-23
IBEX 35 (IBEX);Inditex;461;34,490;34,170;34,710;2023-08-23
IBEX 35 (IBEX);Indra;465;13,160;13,080;13,250;2023-08-23
IBEX 35 (IBEX);Inmob colonial;9060;5,280;5,165;5,290;2023-08-23
IBEX 35 (IBEX);Laboratorios Farmaceuticos ROVI SA;32178;49,480;48,480;49,940;2023-08-23
IBEX 35 (IBEX);Logista;104388;24,86;24,68;25,00;2023-08-23
IBEX 35 (IBEX);Mapfre;466;1,898;1,880;1,904;2023-08-23
IBEX 35 (IBEX);Melia Hotels International SA;32188;6,080;6,070;6,140;2023-08-23
IBEX 35 (IBEX);Merlin Properties SA;102931;7,885;7,820;7,905;2023-08-23
IBEX 35 (IBEX);Naturgy Energy;456;25,720;25,520;25,880;2023-08-23
IBEX 35 (IBEX);Red Electrica;460;14,520;14,505;14,650;2023-08-23
IBEX 35 (IBEX);Repsol;462;13,915;13,915;14,075;2023-08-23
IBEX 35 (IBEX);Sacyr Valle;472;2,868;2,842;2,876;2023-08-23
IBEX 35 (IBEX);Santander;474;3,5765;3,5710;3,6190;2023-08-23
IBEX 35 (IBEX);Solaria Energia y Medio Ambiente;32180;13,105;13,045;13,220;2023-08-23
IBEX 35 (IBEX);Telefonica;469;3,6080;3,6010;3,6470;2023-08-23
IBEX 35 (IBEX);Unicaja Banco;1013395;1,016;1,014;1,023;2023-08-23
PSI (PSI20);Altri;428;4,260;4,188;4,266;2023-08-24
PSI (PSI20);BCP;430;0,2491;0,2471;0,2500;2023-08-24
PSI (PSI20);Corticeira Amorim;15156;9,83;9,54;9,83;2023-08-24
PSI (PSI20);CTT Correios de Portugal SA;49929;3,29;3,29;3,33;2023-08-24
PSI (PSI20);EDP Renováveis;14606;17,48;17,13;17,53;2023-08-24
PSI (PSI20);Energias de Portugal;424;4,253;4,226;4,262;2023-08-24
PSI (PSI20);Galp Energia;421;12,23;12,13;12,38;2023-08-24
PSI (PSI20);Greenvolt Energias Renovaveis;1174982;6,300;6,275;6,390;2023-08-24
PSI (PSI20);Ibersol Reg;15165;6,76;6,74;6,78;2023-08-24
PSI (PSI20);Jeronimo Martins;423;23,54;23,44;23,58;2023-08-24
PSI (PSI20);Mota-Engil;433;2,620;2,595;2,680;2023-08-24
PSI (PSI20);Nos SGPS SA;13807;3,28;3,27;3,31;2023-08-24
PSI (PSI20);REN;434;2,465;2,450;2,470;2023-08-24
PSI (PSI20);Semapa;437;13,16;13,16;13,24;2023-08-24
PSI (PSI20);Sonae;439;0,9475;0,9440;0,9530;2023-08-24
PSI (PSI20);The Navigator;431;3,264;3,212;3,274;2023-08-24
DAX (GDAXI);Adidas;348;176,24;175,16;181,48;2023-08-24
DAX (GDAXI);Airbus Group;962988;129,32;129,28;131,78;2023-08-24
DAX (GDAXI);Allianz;347;222,40;222,10;224,45;2023-08-24
DAX (GDAXI);BASF;345;45,135;45,000;45,895;2023-08-24
DAX (GDAXI);Bayer;346;49,89;49,85;50,88;2023-08-24
DAX (GDAXI);Beiersdorf;6283;119,900;119,750;121,350;2023-08-24
DAX (GDAXI);BMW;652;96,780;96,700;99,330;2023-08-24
DAX (GDAXI);Brenntag AG;14145;71,940;71,940;72,860;2023-08-24
DAX (GDAXI);Commerzbank;358;9,996;9,940;10,105;2023-08-24
DAX (GDAXI);Continental;353;68,38;68,20;69,60;2023-08-24
DAX (GDAXI);Covestro;958839;49,330;47,720;49,480;2023-08-24
DAX (GDAXI);Daimler Truck Holding;1181372;32,38;32,26;33,85;2023-08-24
DAX (GDAXI);Deutsche Bank;352;9,926;9,855;9,986;2023-08-24
DAX (GDAXI);Deutsche Borse;359;163,750;163,600;165,500;2023-08-24
DAX (GDAXI);Deutsche Post;354;42,210;42,100;43,350;2023-08-24
DAX (GDAXI);Deutsche Tel.;656;19,154;19,132;19,486;2023-08-24
DAX (GDAXI);Dr Ing hc F Porsche Prf;1194617;99,92;99,76;101,50;2023-08-24
DAX (GDAXI);E.ON;9251;11,235;11,175;11,270;2023-08-24
DAX (GDAXI);Fresenius SE;6284;29,300;29,190;29,500;2023-08-24
DAX (GDAXI);Hannover Rueckversicherung AG;6298;196,40;194,90;196,70;2023-08-24
DAX (GDAXI);Heidelbergcement;6334;73,700;73,680;74,980;2023-08-24
DAX (GDAXI);Henkel;357;72,06;71,68;72,70;2023-08-24
DAX (GDAXI);Infineon;659;32,050;32,050;33,700;2023-08-24
DAX (GDAXI);Mercedes Benz Group;355;66,990;66,880;68,490;2023-08-24
DAX (GDAXI);Merck;658;160,75;160,65;162,30;2023-08-24
DAX (GDAXI);Mtu Aero Engines Holding AG;6321;203,90;203,60;207,80;2023-08-24
DAX (GDAXI);Munchener Ruck;662;356,20;354,40;358,00;2023-08-24
DAX (GDAXI);Porsche Automobil Holding SE;356;48,680;48,580;49,540;2023-08-24
DAX (GDAXI);Qiagen NV;6336;41,190;41,140;41,510;2023-08-24
DAX (GDAXI);Rheinmetall;665;245,300;245,300;251,200;2023-08-24
DAX (GDAXI);RWE;6306;38,980;38,910;39,240;2023-08-24
DAX (GDAXI);SAP;663;126,020;125,780;129,980;2023-08-24
DAX (GDAXI);Sartorius AG Vz;19900;351,00;350,00;360,70;2023-08-24
DAX (GDAXI);Siemens;350;135,60;135,60;139,24;2023-08-24
DAX (GDAXI);Siemens Energy AG;1166602;12,95;12,93;13,27;2023-08-24
DAX (GDAXI);Siemens Healthineers;1072226;45,72;45,72;46,74;2023-08-24
DAX (GDAXI);Symrise AG;6328;92,600;91,800;93,580;2023-08-24
DAX (GDAXI);Volkswagen VZO;22402;112,18;112,06;114,44;2023-08-24
DAX (GDAXI);Vonovia;49817;20,30;20,28;20,85;2023-08-24
DAX (GDAXI);Zalando SE;942333;26,46;26,27;27,29;2023-08-24
IBEX 35 (IBEX);Acciona;449;125,600;125,250;127,000;2023-08-24
IBEX 35 (IBEX);Acerinox;445;9,010;8,974;9,094;2023-08-24
IBEX 35 (IBEX);ACS;442;31,920;31,810;32,040;2023-08-24
IBEX 35 (IBEX);Aena;945627;141,80;140,30;142,35;2023-08-24
IBEX 35 (IBEX);Amadeus;14615;61,180;61,180;62,900;2023-08-24
IBEX 35 (IBEX);ArcelorMittal;32439;24,120;23,940;24,590;2023-08-24
IBEX 35 (IBEX);Banco de Sabadell;473;1,0940;1,0840;1,1030;2023-08-24
IBEX 35 (IBEX);Bankinter;447;5,978;5,940;6,004;2023-08-24
IBEX 35 (IBEX);BBVA;446;7,172;7,070;7,186;2023-08-24
IBEX 35 (IBEX);Caixabank;452;3,810;3,776;3,816;2023-08-24
IBEX 35 (IBEX);Cellnex Telecom;951681;34,32;34,32;34,98;2023-08-24
IBEX 35 (IBEX);Corporacion Acciona Energias Renovables;1174892;25,88;25,76;26,10;2023-08-24
IBEX 35 (IBEX);Enagas;453;15,445;15,405;15,530;2023-08-24
IBEX 35 (IBEX);Endesa;13816;18,855;18,810;18,975;2023-08-24
IBEX 35 (IBEX);Ferrovial;459;28,980;28,980;29,260;2023-08-24
IBEX 35 (IBEX);Fluidra SA;32285;20,100;20,080;20,580;2023-08-24
IBEX 35 (IBEX);Grifols;458;13,030;13,010;13,395;2023-08-24
IBEX 35 (IBEX);IAG;13809;1,875;1,874;1,912;2023-08-24
IBEX 35 (IBEX);Iberdrola;463;10,855;10,855;10,980;2023-08-24
IBEX 35 (IBEX);Inditex;461;33,990;33,920;34,850;2023-08-24
IBEX 35 (IBEX);Indra;465;12,900;12,890;13,140;2023-08-24
IBEX 35 (IBEX);Inmob colonial;9060;5,360;5,350;5,495;2023-08-24
IBEX 35 (IBEX);Laboratorios Farmaceuticos ROVI SA;32178;49,960;49,620;50,500;2023-08-24
IBEX 35 (IBEX);Logista;104388;24,60;24,56;24,90;2023-08-24
IBEX 35 (IBEX);Mapfre;466;1,906;1,894;1,912;2023-08-24
IBEX 35 (IBEX);Melia Hotels International SA;32188;6,030;6,025;6,180;2023-08-24
IBEX 35 (IBEX);Merlin Properties SA;102931;8,010;7,995;8,140;2023-08-24
IBEX 35 (IBEX);Naturgy Energy;456;26,100;25,800;26,240;2023-08-24
IBEX 35 (IBEX);Red Electrica;460;14,790;14,690;14,825;2023-08-24
IBEX 35 (IBEX);Repsol;462;13,850;13,710;13,890;2023-08-24
IBEX 35 (IBEX);Sacyr Valle;472;2,864;2,858;2,882;2023-08-24
IBEX 35 (IBEX);Santander;474;3,5360;3,5235;3,5850;2023-08-24
IBEX 35 (IBEX);Solaria Energia y Medio Ambiente;32180;13,235;13,190;13,610;2023-08-24
IBEX 35 (IBEX);Telefonica;469;3,6900;3,6680;3,6980;2023-08-24
IBEX 35 (IBEX);Unicaja Banco;1013395;1,016;1,009;1,020;2023-08-24
PSI (PSI20);Altri;428;4,338;4,238;4,338;2023-08-25
PSI (PSI20);BCP;430;0,2497;0,2487;0,2518;2023-08-25
PSI (PSI20);Corticeira Amorim;15156;9,83;9,73;9,88;2023-08-25
PSI (PSI20);CTT Correios de Portugal SA;49929;3,34;3,29;3,35;2023-08-25
PSI (PSI20);EDP Renováveis;14606;17,64;17,42;17,66;2023-08-25
PSI (PSI20);Energias de Portugal;424;4,293;4,238;4,310;2023-08-25
PSI (PSI20);Galp Energia;421;12,35;12,22;12,40;2023-08-25
PSI (PSI20);Greenvolt Energias Renovaveis;1174982;6,280;6,205;6,315;2023-08-25
PSI (PSI20);Ibersol Reg;15165;6,78;6,72;6,80;2023-08-25
PSI (PSI20);Jeronimo Martins;423;23,86;23,48;24,00;2023-08-25
PSI (PSI20);Mota-Engil;433;2,615;2,575;2,630;2023-08-25
PSI (PSI20);Nos SGPS SA;13807;3,33;3,28;3,33;2023-08-25
PSI (PSI20);REN;434;2,490;2,465;2,490;2023-08-25
PSI (PSI20);Semapa;437;13,24;13,16;13,24;2023-08-25
PSI (PSI20);Sonae;439;0,9685;0,9480;0,9685;2023-08-25
PSI (PSI20);The Navigator;431;3,300;3,254;3,300;2023-08-25
DAX (GDAXI);Adidas;348;176,44;173,96;179,50;2023-08-25
DAX (GDAXI);Airbus Group;962988;129,84;128,18;130,94;2023-08-25
DAX (GDAXI);Allianz;347;222,10;221,65;223,90;2023-08-25
DAX (GDAXI);BASF;345;45,025;44,940;45,420;2023-08-25
DAX (GDAXI);Bayer;346;50,05;49,74;50,20;2023-08-25
DAX (GDAXI);Beiersdorf;6283;120,950;119,350;121,550;2023-08-25
DAX (GDAXI);BMW;652;96,510;96,110;97,190;2023-08-25
DAX (GDAXI);Brenntag AG;14145;72,040;71,480;72,480;2023-08-25
DAX (GDAXI);Commerzbank;358;9,940;9,914;10,085;2023-08-25
DAX (GDAXI);Continental;353;67,40;67,04;67,96;2023-08-25
DAX (GDAXI);Covestro;958839;48,270;48,050;49,720;2023-08-25
DAX (GDAXI);Daimler Truck Holding;1181372;32,27;32,11;32,63;2023-08-25
DAX (GDAXI);Deutsche Bank;352;9,896;9,878;10,008;2023-08-25
DAX (GDAXI);Deutsche Borse;359;163,000;163,000;164,450;2023-08-25
DAX (GDAXI);Deutsche Post;354;42,185;41,825;42,490;2023-08-25
DAX (GDAXI);Deutsche Tel.;656;19,256;19,100;19,386;2023-08-25
DAX (GDAXI);Dr Ing hc F Porsche Prf;1194617;100,05;99,12;101,10;2023-08-25
DAX (GDAXI);E.ON;9251;11,345;11,190;11,395;2023-08-25
DAX (GDAXI);Fresenius SE;6284;29,340;29,180;29,510;2023-08-25
DAX (GDAXI);Hannover Rueckversicherung AG;6298;196,00;194,65;197,25;2023-08-25
DAX (GDAXI);Heidelbergcement;6334;73,460;73,340;74,080;2023-08-25
DAX (GDAXI);Henkel;357;71,92;71,90;72,44;2023-08-25
DAX (GDAXI);Infineon;659;31,975;31,500;32,380;2023-08-25
DAX (GDAXI);Mercedes Benz Group;355;67,000;66,610;67,320;2023-08-25
DAX (GDAXI);Merck;658;160,30;159,50;161,45;2023-08-25
DAX (GDAXI);Mtu Aero Engines Holding AG;6321;204,60;202,60;206,70;2023-08-25
DAX (GDAXI);Munchener Ruck;662;355,50;354,00;358,20;2023-08-25
DAX (GDAXI);Porsche Automobil Holding SE;356;48,670;48,510;48,890;2023-08-25
DAX (GDAXI);Qiagen NV;6336;41,230;41,140;41,420;2023-08-25
DAX (GDAXI);Rheinmetall;665;243,300;242,600;245,800;2023-08-25
DAX (GDAXI);RWE;6306;39,270;38,860;39,370;2023-08-25
DAX (GDAXI);SAP;663;126,160;125,660;127,240;2023-08-25
DAX (GDAXI);Sartorius AG Vz;19900;346,60;346,60;351,50;2023-08-25
DAX (GDAXI);Siemens;350;136,40;135,14;138,00;2023-08-25
DAX (GDAXI);Siemens Energy AG;1166602;12,92;12,88;13,06;2023-08-25
DAX (GDAXI);Siemens Healthineers;1072226;45,43;45,25;45,68;2023-08-25
DAX (GDAXI);Symrise AG;6328;93,300;91,720;93,840;2023-08-25
DAX (GDAXI);Volkswagen VZO;22402;112,10;111,22;112,30;2023-08-25
DAX (GDAXI);Vonovia;49817;20,40;20,25;20,63;2023-08-25
DAX (GDAXI);Zalando SE;942333;26,45;26,34;26,82;2023-08-25
IBEX 35 (IBEX);Acciona;449;126,300;124,750;126,700;2023-08-25
IBEX 35 (IBEX);Acerinox;445;9,010;8,992;9,084;2023-08-25
IBEX 35 (IBEX);ACS;442;31,670;31,550;32,040;2023-08-25
IBEX 35 (IBEX);Aena;945627;139,95;139,05;141,75;2023-08-25
IBEX 35 (IBEX);Amadeus;14615;61,120;60,820;62,240;2023-08-25
IBEX 35 (IBEX);ArcelorMittal;32439;24,050;23,995;24,310;2023-08-25
IBEX 35 (IBEX);Banco de Sabadell;473;1,0900;1,0885;1,1080;2023-08-25
IBEX 35 (IBEX);Bankinter;447;5,964;5,940;6,026;2023-08-25
IBEX 35 (IBEX);BBVA;446;7,150;7,124;7,232;2023-08-25
IBEX 35 (IBEX);Caixabank;452;3,790;3,777;3,828;2023-08-25
IBEX 35 (IBEX);Cellnex Telecom;951681;34,29;34,12;34,68;2023-08-25
IBEX 35 (IBEX);Corporacion Acciona Energias Renovables;1174892;26,02;25,62;26,16;2023-08-25
IBEX 35 (IBEX);Enagas;453;15,535;15,385;15,585;2023-08-25
IBEX 35 (IBEX);Endesa;13816;19,025;18,775;19,090;2023-08-25
IBEX 35 (IBEX);Ferrovial;459;28,900;28,690;29,060;2023-08-25
IBEX 35 (IBEX);Fluidra SA;32285;20,180;20,040;20,400;2023-08-25
IBEX 35 (IBEX);Grifols;458;12,820;12,670;12,985;2023-08-25
IBEX 35 (IBEX);IAG;13809;1,845;1,837;1,878;2023-08-25
IBEX 35 (IBEX);Iberdrola;463;10,965;10,810;11,015;2023-08-25
IBEX 35 (IBEX);Inditex;461;34,210;33,900;34,520;2023-08-25
IBEX 35 (IBEX);Indra;465;12,930;12,820;13,010;2023-08-25
IBEX 35 (IBEX);Inmob colonial;9060;5,305;5,295;5,360;2023-08-25
IBEX 35 (IBEX);Laboratorios Farmaceuticos ROVI SA;32178;50,250;49,560;50,350;2023-08-25
IBEX 35 (IBEX);Logista;104388;24,72;24,50;24,90;2023-08-25
IBEX 35 (IBEX);Mapfre;466;1,915;1,901;1,934;2023-08-25
IBEX 35 (IBEX);Melia Hotels International SA;32188;5,930;5,910;6,040;2023-08-25
IBEX 35 (IBEX);Merlin Properties SA;102931;8,015;7,965;8,065;2023-08-25
IBEX 35 (IBEX);Naturgy Energy;456;26,200;25,960;26,320;2023-08-25
IBEX 35 (IBEX);Red Electrica;460;14,890;14,720;14,995;2023-08-25
IBEX 35 (IBEX);Repsol;462;14,075;13,855;14,165;2023-08-25
IBEX 35 (IBEX);Sacyr Valle;472;2,888;2,860;2,904;2023-08-25
IBEX 35 (IBEX);Santander;474;3,5380;3,5300;3,5890;2023-08-25
IBEX 35 (IBEX);Solaria Energia y Medio Ambiente;32180;13,390;13,125;13,450;2023-08-25
IBEX 35 (IBEX);Telefonica;469;3,6870;3,6780;3,7220;2023-08-25
IBEX 35 (IBEX);Unicaja Banco;1013395;1,017;1,013;1,027;2023-08-25
PSI (PSI20);Altri;428;4,510;4,500;4,620;2023-09-16
PSI (PSI20);BCP;430;0,2599;0,2579;0,2629;2023-09-16
PSI (PSI20);Corticeira Amorim;15156;9,91;9,91;10,02;2023-09-16
PSI (PSI20);CTT Correios de Portugal SA;49929;3,37;3,37;3,41;2023-09-16
PSI (PSI20);EDP Renovveis;14606;16,67;16,66;16,87;2023-09-16
PSI (PSI20);Energias de Portugal;424;4,220;4,211;4,284;2023-09-16
PSI (PSI20);Galp Energia;421;14,01;13,89;14,02;2023-09-16
PSI (PSI20);Greenvolt Energias Renovaveis;1174982;6,035;6,030;6,140;2023-09-16
PSI (PSI20);Ibersol Reg;15165;6,96;6,90;6,96;2023-09-16
PSI (PSI20);Jeronimo Martins;423;21,54;21,54;21,96;2023-09-16
PSI (PSI20);Mota-Engil;433;3,205;3,180;3,235;2023-09-16
PSI (PSI20);Nos SGPS SA;13807;3,54;3,54;3,60;2023-09-16
PSI (PSI20);REN;434;2,505;2,505;2,520;2023-09-16
PSI (PSI20);Semapa;437;13,12;13,12;13,32;2023-09-16
PSI (PSI20);Sonae;439;0,9650;0,9640;0,9770;2023-09-16
PSI (PSI20);The Navigator;431;3,372;3,372;3,416;2023-09-16
DAX (GDAXI);Adidas;348;174,08;172,28;175,08;2023-09-16
DAX (GDAXI);Airbus Group;962988;131,24;130,62;132,30;2023-09-16
DAX (GDAXI);Allianz;347;233,45;232,20;234,55;2023-09-16
DAX (GDAXI);BASF;345;46,250;45,555;46,265;2023-09-16
DAX (GDAXI);Bayer;346;49,40;49,33;49,81;2023-09-16
DAX (GDAXI);Beiersdorf;6283;122,300;121,850;122,900;2023-09-16
DAX (GDAXI);BMW;652;97,510;96,410;98,210;2023-09-16
DAX (GDAXI);Brenntag AG;14145;76,900;76,000;77,620;2023-09-16
DAX (GDAXI);Commerzbank;358;9,874;9,824;10,015;2023-09-16
DAX (GDAXI);Continental;353;67,16;66,42;67,80;2023-09-16
DAX (GDAXI);Covestro;958839;52,820;52,200;53,160;2023-09-16
DAX (GDAXI);Daimler Truck Holding;1181372;33,40;33,35;33,65;2023-09-16
DAX (GDAXI);Deutsche Bank;352;10,250;10,214;10,396;2023-09-16
DAX (GDAXI);Deutsche Borse;359;165,200;163,750;165,300;2023-09-16
DAX (GDAXI);Deutsche Post;354;41,940;41,855;42,395;2023-09-16
DAX (GDAXI);Deutsche Tel.;656;20,645;20,645;20,980;2023-09-16
DAX (GDAXI);Dr Ing hc F Porsche Prf;1194617;99,10;96,66;99,34;2023-09-16
DAX (GDAXI);E.ON;9251;11,640;11,595;11,685;2023-09-16
DAX (GDAXI);Fresenius SE;6284;29,830;29,500;30,160;2023-09-16
DAX (GDAXI);Hannover Rueckversicherung AG;6298;213,00;212,90;215,20;2023-09-16
DAX (GDAXI);Heidelbergcement;6334;73,160;73,100;74,180;2023-09-16
DAX (GDAXI);Henkel;357;68,56;68,24;69,20;2023-09-16
DAX (GDAXI);Infineon;659;32,345;32,310;33,170;2023-09-16
DAX (GDAXI);Mercedes Benz Group;355;67,210;66,740;67,890;2023-09-16
DAX (GDAXI);Merck;658;165,50;164,65;167,65;2023-09-16
DAX (GDAXI);Mtu Aero Engines Holding AG;6321;174,00;172,85;176,00;2023-09-16
DAX (GDAXI);Munchener Ruck;662;374,80;374,80;381,20;2023-09-16
DAX (GDAXI);Porsche Automobil Holding SE;356;49,010;48,620;49,340;2023-09-16
DAX (GDAXI);Qiagen NV;6336;38,840;38,750;39,550;2023-09-16
DAX (GDAXI);Rheinmetall;665;260,500;257,900;263,400;2023-09-16
DAX (GDAXI);RWE;6306;36,690;36,640;37,090;2023-09-16
DAX (GDAXI);SAP;663;127,220;126,500;129,240;2023-09-16
DAX (GDAXI);Sartorius AG Vz;19900;348,50;346,80;351,60;2023-09-16
DAX (GDAXI);Siemens;350;138,10;138,02;139,98;2023-09-16
DAX (GDAXI);Siemens Energy AG;1166602;12,90;12,84;13,24;2023-09-16
DAX (GDAXI);Siemens Healthineers;1072226;46,13;45,75;46,45;2023-09-16
DAX (GDAXI);Symrise AG;6328;91,980;91,760;92,560;2023-09-16
DAX (GDAXI);Volkswagen VZO;22402;109,80;108,68;110,50;2023-09-16
DAX (GDAXI);Vonovia;49817;23,52;23,17;24,24;2023-09-16
DAX (GDAXI);Zalando SE;942333;25,11;25,05;25,75;2023-09-16
IBEX 35 (IBEX);Acciona;449;128,300;128,300;130,950;2023-09-16
IBEX 35 (IBEX);Acerinox;445;9,180;9,156;9,262;2023-09-16
IBEX 35 (IBEX);ACS;442;33,410;32,990;33,430;2023-09-16
IBEX 35 (IBEX);Aena;945627;142,40;141,60;143,75;2023-09-16
IBEX 35 (IBEX);Amadeus;14615;62,780;62,500;63,600;2023-09-16
IBEX 35 (IBEX);ArcelorMittal;32439;24,350;24,165;24,540;2023-09-16
IBEX 35 (IBEX);Banco de Sabadell;473;1,0390;1,0350;1,0760;2023-09-16
IBEX 35 (IBEX);Bankinter;447;5,840;5,830;5,986;2023-09-16
IBEX 35 (IBEX);BBVA;446;7,210;7,176;7,318;2023-09-16
IBEX 35 (IBEX);Caixabank;452;3,540;3,519;3,620;2023-09-16
IBEX 35 (IBEX);Cellnex Telecom;951681;36,04;35,88;36,44;2023-09-16
IBEX 35 (IBEX);Corporacion Acciona Energias Renovables;1174892;26,48;26,32;26,82;2023-09-16
IBEX 35 (IBEX);Enagas;453;16,430;16,330;16,495;2023-09-16
IBEX 35 (IBEX);Endesa;13816;19,870;19,700;19,890;2023-09-16
IBEX 35 (IBEX);Ferrovial;459;30,430;30,190;30,620;2023-09-16
IBEX 35 (IBEX);Fluidra SA;32285;19,600;19,550;20,040;2023-09-16
IBEX 35 (IBEX);Grifols;458;13,220;13,120;13,425;2023-09-16
IBEX 35 (IBEX);IAG;13809;1,786;1,783;1,809;2023-09-16
IBEX 35 (IBEX);Iberdrola;463;11,085;10,975;11,120;2023-09-16
IBEX 35 (IBEX);Inditex;461;36,190;35,950;36,480;2023-09-16
IBEX 35 (IBEX);Indra;465;14,150;14,110;14,290;2023-09-16
IBEX 35 (IBEX);Inmob colonial;9060;5,560;5,545;5,755;2023-09-16
IBEX 35 (IBEX);Laboratorios Farmaceuticos ROVI SA;32178;54,950;54,550;55,300;2023-09-16
IBEX 35 (IBEX);Logista;104388;24,84;24,74;25,68;2023-09-16
IBEX 35 (IBEX);Mapfre;466;1,972;1,969;2,004;2023-09-16
IBEX 35 (IBEX);Melia Hotels International SA;32188;6,250;6,220;6,320;2023-09-16
IBEX 35 (IBEX);Merlin Properties SA;102931;8,095;8,070;8,450;2023-09-16
IBEX 35 (IBEX);Naturgy Energy;456;27,240;27,180;27,460;2023-09-16
IBEX 35 (IBEX);Red Electrica;460;15,410;15,330;15,535;2023-09-16
IBEX 35 (IBEX);Repsol;462;15,260;15,225;15,450;2023-09-16
IBEX 35 (IBEX);Sacyr Valle;472;2,926;2,916;2,972;2023-09-16
IBEX 35 (IBEX);Santander;474;3,4915;3,4670;3,5695;2023-09-16
IBEX 35 (IBEX);Solaria Energia y Medio Ambiente;32180;14,600;14,375;14,820;2023-09-16
IBEX 35 (IBEX);Telefonica;469;3,9370;3,9300;3,9970;2023-09-16
IBEX 35 (IBEX);Unicaja Banco;1013395;1,006;1,003;1,026;2023-09-16
